text,tags
для собак парк wi-fi,"собаки,парк,wi-fi"
бесплатный вайфай,wi-fi
электричество интернет маршрут,"розетки,wi-fi,прогулка"
электричество парковка для детей,"розетки,парковка,дети"
прогулка детская зона для собак,"прогулка,дети,собаки"
детская зона электричество парковочные места,"дети,розетки,парковка"
для собак,собаки
сквер зарядка,"парк,розетки"
кофейня,кафе
электричество парковка,"розетки,парковка"
выгуливать электричество маршрут,"собаки,розетки,прогулка"
зелёная зона парковка зарядка,"парк,парковка,розетки"
парковочные места,парковка
дети,дети
кофейня,кафе
место для прогулок,прогулка
парк,парк
место для прогулок ресторан,"прогулка,кафе"
кофейня,кафе
интернет,wi-fi
парк маршрут для собак,"парк,прогулка,собаки"
ресторан машины электричество,"кафе,парковка,розетки"
бесплатный вайфай место для прогулок сквер,"wi-fi,прогулка,парк"
место для прогулок электричество,"прогулка,розетки"
ресторан wi-fi прогулка,"кафе,wi-fi,прогулка"
бесплатный вайфай,wi-fi
маршрут парковка с собакой,"прогулка,парковка,собаки"
для детей сквер парковочные места,"дети,парк,парковка"
кафе,кафе
кафе,кафе
прогулка кофейня бесплатный вайфай,"прогулка,кафе,wi-fi"
маршрут,прогулка
место для прогулок детская зона,"прогулка,дети"
интернет,wi-fi
розетки,розетки
для детей бесплатный вайфай,"дети,wi-fi"
сквер дети,"парк,дети"
маршрут для детей бесплатный вайфай,"прогулка,дети,wi-fi"
wi-fi ресторан детская зона,"wi-fi,кафе,дети"
зелёная зона прогулка,"парк,прогулка"
сквер,парк
дети кафе wi-fi,"дети,кафе,wi-fi"
кафе зарядка для собак,"кафе,розетки,собаки"
зелёная зона,парк
бесплатный вайфай,wi-fi
электричество,розетки
место для прогулок зелёная зона с собакой,"прогулка,парк,собаки"
прогулка wi-fi,"прогулка,wi-fi"
электричество,розетки
ресторан для детей,"кафе,дети"
wi-fi с собакой,"wi-fi,собаки"
зелёная зона,парк
машины электричество дети,"парковка,розетки,дети"
маршрут,прогулка
для детей розетки машины,"дети,розетки,парковка"
парковка,парковка
детская зона,дети
зелёная зона,парк
сквер wi-fi,"парк,wi-fi"
машины для детей,"парковка,дети"
зарядка,розетки
парковочные места с собакой место для прогулок,"парковка,собаки,прогулка"
место для прогулок,прогулка
розетки wi-fi выгуливать,"розетки,wi-fi,собаки"
маршрут wi-fi электричество,"прогулка,wi-fi,розетки"
сквер детская зона с собакой,"парк,дети,собаки"
для детей,дети
зелёная зона с собакой,"парк,собаки"
кафе,кафе
место для прогулок кофейня парковочные места,"прогулка,кафе,парковка"
сквер кофейня,"парк,кафе"
розетки,розетки
с собакой,собаки
для детей прогулка выгуливать,"дети,прогулка,собаки"
для собак зарядка для детей,"собаки,розетки,дети"
кафе,кафе
кофейня парковочные места,"кафе,парковка"
парковочные места зарядка интернет,"парковка,розетки,wi-fi"
для собак прогулка детская зона,"собаки,прогулка,дети"
детская зона прогулка интернет,"дети,прогулка,wi-fi"
интернет маршрут для собак,"wi-fi,прогулка,собаки"
для детей wi-fi,"дети,wi-fi"
зарядка место для прогулок с собакой,"розетки,прогулка,собаки"
машины зарядка,"парковка,розетки"
дети розетки парковочные места,"дети,розетки,парковка"
парковка,парковка
парковка,парковка
электричество бесплатный вайфай,"розетки,wi-fi"
интернет,wi-fi
сквер интернет дети,"парк,wi-fi,дети"
зарядка для собак парк,"розетки,собаки,парк"
кафе,кафе
ресторан зелёная зона,"кафе,парк"
место для прогулок зарядка детская зона,"прогулка,розетки,дети"
зарядка,розетки
выгуливать,собаки
место для прогулок зелёная зона для детей,"прогулка,парк,дети"
детская зона парковка,"дети,парковка"
парковочные места для детей зелёная зона,"парковка,дети,парк"
зелёная зона,парк
кафе сквер,"кафе,парк"
выгуливать для детей электричество,"собаки,дети,розетки"
электричество прогулка wi-fi,"розетки,прогулка,wi-fi"
для собак,собаки
парковочные места,парковка
маршрут розетки,"прогулка,розетки"
кофейня,кафе
зелёная зона кафе,"парк,кафе"
дети место для прогулок парковка,"дети,прогулка,парковка"
парк для собак парковочные места,"парк,собаки,парковка"
электричество,розетки
кофейня зарядка детская зона,"кафе,розетки,дети"
с собакой бесплатный вайфай маршрут,"собаки,wi-fi,прогулка"
парковочные места электричество для детей,"парковка,розетки,дети"
зарядка,розетки
для детей парк,"дети,парк"
прогулка парковка выгуливать,"прогулка,парковка,собаки"
кафе для детей,"кафе,дети"
выгуливать,собаки
с собакой машины,"собаки,парковка"
машины кафе,"парковка,кафе"
розетки,розетки
машины,парковка
кафе электричество,"кафе,розетки"
парк,парк
зарядка парковка для детей,"розетки,парковка,дети"
зелёная зона дети кафе,"парк,дети,кафе"
парковка розетки,"парковка,розетки"
интернет маршрут,"wi-fi,прогулка"
с собакой парк,"собаки,парк"
зарядка,розетки
парковочные места сквер,"парковка,парк"
кафе парковочные места,"кафе,парковка"
машины дети с собакой,"парковка,дети,собаки"
интернет сквер кофейня,"wi-fi,парк,кафе"
кофейня wi-fi,"кафе,wi-fi"
выгуливать интернет кафе,"собаки,wi-fi,кафе"
место для прогулок,прогулка
ресторан парковочные места,"кафе,парковка"
машины кафе парк,"парковка,кафе,парк"
машины,парковка
wi-fi маршрут,"wi-fi,прогулка"
маршрут розетки для детей,"прогулка,розетки,дети"
место для прогулок дети машины,"прогулка,дети,парковка"
зелёная зона,парк
кофейня с собакой,"кафе,собаки"
кофейня зарядка для собак,"кафе,розетки,собаки"
электричество для детей выгуливать,"розетки,дети,собаки"
с собакой,собаки
зелёная зона парковка кафе,"парк,парковка,кафе"
для собак дети кофейня,"собаки,дети,кафе"
детская зона кофейня зелёная зона,"дети,кафе,парк"
дети место для прогулок розетки,"дети,прогулка,розетки"
дети кофейня для собак,"дети,кафе,собаки"
дети прогулка парковочные места,"дети,прогулка,парковка"
маршрут wi-fi,"прогулка,wi-fi"
розетки детская зона парковочные места,"розетки,дети,парковка"
для детей парк парковочные места,"дети,парк,парковка"
машины кафе,"парковка,кафе"
сквер дети электричество,"парк,дети,розетки"
зелёная зона парковка,"парк,парковка"
зелёная зона выгуливать,"парк,собаки"
парк,парк
прогулка wi-fi,"прогулка,wi-fi"
дети место для прогулок,"дети,прогулка"
ресторан выгуливать бесплатный вайфай,"кафе,собаки,wi-fi"
для детей прогулка,"дети,прогулка"
зелёная зона выгуливать электричество,"парк,собаки,розетки"
кафе,кафе
wi-fi розетки место для прогулок,"wi-fi,розетки,прогулка"
выгуливать маршрут,"собаки,прогулка"
бесплатный вайфай ресторан машины,"wi-fi,кафе,парковка"
парковка розетки,"парковка,розетки"
машины место для прогулок интернет,"парковка,прогулка,wi-fi"
парковочные места зарядка,"парковка,розетки"
для детей с собакой,"дети,собаки"
маршрут интернет,"прогулка,wi-fi"
сквер парковочные места,"парк,парковка"
выгуливать,собаки
парковка для собак сквер,"парковка,собаки,парк"
бесплатный вайфай кофейня зелёная зона,"wi-fi,кафе,парк"
парковка,парковка
сквер зарядка,"парк,розетки"
кофейня wi-fi,"кафе,wi-fi"
кофейня сквер,"кафе,парк"
машины дети,"парковка,дети"
сквер с собакой,"парк,собаки"
прогулка с собакой кафе,"прогулка,собаки,кафе"
кафе,кафе
с собакой розетки,"собаки,розетки"
детская зона для собак сквер,"дети,собаки,парк"
розетки,розетки
интернет,wi-fi
парк электричество,"парк,розетки"
кафе,кафе
маршрут машины,"прогулка,парковка"
детская зона кафе место для прогулок,"дети,кафе,прогулка"
розетки парковочные места,"розетки,парковка"
парковочные места,парковка
парк прогулка,"парк,прогулка"
